model,rmse,mae,mape
Baseline_RollingMean,1.6418767789376858,1.2630577957639333,207.63519678732095
