feature,importance
feature_1,0.13319702814025883
feature_2,0.33810081711389406
feature_3,0.26031768763785473
feature_4,0.2128998389048247
feature_5,0.05548462820316767
