model,rmse,mae,mape
LSTM_placeholder,1.073603205524297,0.8405595832580703,127.96197361150112
